truth	ANP	ASC	CA1	CA3	CA3-St18	CGE-Lamp5	CGE-Vip	CLA	CT-L6	Chd7	D1L-Fstl4	D1L-PAL	DG	DG-po	EC	EP	Foxp2	Gfra1	IG-CA2	IT-L23	IT-L4	IT-L5	IT-L6	L6b	LSX-Inh	MGC	MGE-Pvalb	MGE-Sst	MSN-D1	MSN-D2	NP-L6	ODC	OLF	OLF-Exc	OPC	PAL-Inh	PC	PT-L5	Unc5c	VLMC	VLMC-Pia
ANP	20.000	19.800	0.000	0.400	0.000	0.000	1.000	0.200	0.000	0.000	0.200	0.400	8.200	0.200	0.200	0.000	1.200	0.000	0.000	0.000	0.000	0.000	0.000	0.000	0.600	0.400	1.000	0.000	0.000	0.000	0.000	0.800	7.200	0.600	1.000	1.400	0.000	0.000	0.000	0.000	0.000
ASC	1.767	20.000	0.000	0.000	0.000	0.100	0.100	0.033	0.000	0.033	0.033	0.100	0.133	0.000	0.000	0.000	0.200	0.000	0.000	0.033	0.000	0.000	0.000	0.067	0.233	0.000	0.033	0.100	0.000	0.000	0.100	0.367	0.467	0.167	0.533	0.400	0.067	0.000	0.067	0.033	0.067
CA1	0.067	0.100	20.000	1.233	0.267	0.067	0.067	0.000	0.200	0.133	0.067	0.000	0.367	0.000	0.000	0.067	0.133	0.367	0.167	0.333	0.000	0.167	0.067	0.000	0.233	0.000	0.033	0.100	0.000	0.000	0.133	0.000	0.333	1.367	0.000	0.267	0.033	0.733	0.033	0.000	0.000
CA3	0.032	0.000	2.168	20.000	1.521	0.065	0.065	0.032	0.065	0.000	0.000	0.000	1.003	0.259	0.000	0.000	0.065	0.000	2.524	0.097	0.065	0.065	0.065	0.000	0.065	0.000	0.065	0.000	0.000	0.000	0.000	0.000	0.129	0.421	0.000	0.032	0.032	0.032	0.000	0.000	0.000
CA3-St18	0.000	0.000	1.138	12.195	20.000	0.000	0.000	0.000	0.813	0.163	0.000	0.000	1.789	0.000	0.000	0.000	0.000	0.163	1.138	0.000	0.325	0.163	0.325	0.000	0.000	0.000	0.163	0.000	0.000	0.000	0.000	0.000	0.163	0.325	0.000	0.000	0.000	0.163	0.000	0.000	0.000
CGE-Lamp5	0.046	0.138	0.046	0.000	0.000	20.000	3.264	0.000	0.000	0.046	0.046	0.046	0.138	0.000	0.000	0.092	0.046	0.000	0.000	0.276	0.000	0.046	0.046	0.092	0.368	0.046	0.368	0.092	0.000	0.046	0.000	0.046	0.506	0.322	0.000	0.000	0.000	0.276	0.414	0.000	0.000
CGE-Vip	0.038	0.229	0.076	0.038	0.114	2.133	20.000	0.000	0.000	0.495	0.076	0.076	0.114	0.000	0.000	0.038	0.152	0.000	0.000	0.000	0.114	0.000	0.038	0.076	0.533	0.000	0.724	1.943	0.000	0.038	0.000	0.190	1.143	0.419	0.114	0.686	0.000	0.076	0.114	0.000	0.000
CLA	0.000	0.211	0.000	0.000	0.000	0.000	0.140	20.000	0.351	0.000	0.281	0.000	0.000	0.070	0.000	0.632	0.070	0.000	0.000	0.351	0.491	0.491	1.895	0.491	0.140	0.070	0.211	0.140	0.070	0.140	0.211	0.000	0.281	0.491	0.000	0.140	0.000	0.211	0.000	0.000	0.000
CT-L6	0.000	0.000	0.033	0.067	0.000	0.033	0.033	0.300	20.000	0.067	0.033	0.000	0.000	0.000	0.000	0.500	0.067	0.000	0.033	0.167	0.300	0.833	3.500	2.400	0.100	0.033	0.033	0.100	0.033	0.067	0.433	0.000	0.000	0.567	0.000	0.267	0.000	1.267	0.000	0.000	0.033
Chd7	0.171	0.342	0.000	0.000	0.000	0.000	6.496	0.171	0.000	20.000	0.000	0.000	0.000	0.000	0.000	0.000	1.368	0.000	0.000	0.342	0.000	0.171	0.342	0.171	1.026	0.000	6.496	4.444	0.342	0.342	0.513	0.000	1.880	0.342	0.000	10.085	0.000	0.000	0.342	0.000	0.000
D1L-Fstl4	0.000	0.000	0.034	0.000	0.000	0.000	0.068	0.136	0.034	0.034	20.000	0.610	0.000	0.000	0.000	0.000	1.322	0.000	0.000	0.034	0.068	0.068	0.068	0.102	1.254	0.102	0.034	0.169	7.492	3.119	0.136	0.068	0.339	0.780	0.034	3.322	0.068	0.102	0.000	0.000	0.000
D1L-PAL	0.133	0.000	0.000	0.000	0.000	0.000	0.400	0.000	0.000	0.000	2.667	20.000	0.000	0.000	0.000	0.000	0.800	0.000	0.000	0.000	0.000	0.000	0.000	0.133	0.933	0.133	0.133	0.267	0.133	0.133	0.133	0.267	1.333	0.000	0.000	3.333	0.000	0.133	0.000	0.000	0.000
DG	0.267	0.267	0.533	0.667	0.200	0.133	0.067	0.000	0.167	0.033	0.000	0.033	20.000	0.000	0.000	0.000	0.000	0.033	0.233	0.133	0.067	0.100	0.067	0.000	0.067	0.000	0.000	0.000	0.000	0.000	0.000	0.100	0.100	0.200	0.067	0.033	0.000	0.067	0.033	0.033	0.067
DG-po	0.000	0.000	2.222	9.630	0.741	0.000	0.000	1.481	0.000	0.000	0.000	0.000	0.741	20.000	0.000	0.000	0.741	0.000	0.000	0.000	1.481	1.481	0.741	0.000	0.741	0.000	0.000	0.000	0.000	0.000	0.000	0.000	0.000	0.741	0.741	0.000	0.000	0.000	0.000	0.000	0.000
EC	0.000	0.000	0.000	0.000	0.000	0.000	0.000	0.000	0.000	0.000	0.000	0.000	0.000	0.000	20.000	0.000	0.667	0.000	0.000	0.000	0.000	0.667	0.000	0.000	0.667	10.000	0.000	0.000	0.000	0.000	0.000	0.000	2.000	0.000	0.000	0.000	0.667	0.000	0.000	1.333	0.667
EP	0.000	0.100	0.000	0.199	0.000	0.000	0.000	1.592	2.388	0.000	0.000	0.000	0.000	0.000	0.000	20.000	0.100	0.000	0.000	0.299	0.199	0.697	14.527	4.975	0.299	0.000	0.199	0.100	0.000	0.100	0.000	0.000	0.000	2.388	0.000	0.000	0.000	1.592	0.000	0.000	0.000
Foxp2	0.135	0.169	0.000	0.000	0.000	0.034	0.169	0.034	0.102	0.034	2.098	0.203	0.000	0.000	0.000	0.000	20.000	0.000	0.000	0.068	0.068	0.068	0.135	0.068	1.184	0.000	0.068	0.237	1.184	1.421	0.338	0.068	2.166	0.237	0.034	2.470	0.034	0.474	0.068	0.000	0.000
Gfra1	0.000	0.000	13.333	0.000	0.606	0.000	0.000	0.000	0.606	0.000	0.000	0.606	0.606	0.000	0.000	0.000	0.000	20.000	0.000	0.000	0.606	0.000	0.000	0.000	0.000	0.000	0.000	0.000	0.000	0.000	0.000	0.000	0.000	2.424	0.000	0.000	0.000	4.848	0.000	0.000	0.000
IG-CA2	0.089	0.000	3.556	7.733	0.267	0.000	0.089	0.000	0.267	0.089	0.000	0.000	1.422	0.089	0.000	0.000	0.089	0.000	20.000	0.000	0.089	0.000	0.178	0.000	0.000	0.000	0.089	0.089	0.000	0.089	0.000	0.000	0.178	0.356	0.089	0.000	0.000	0.089	0.000	0.089	0.000
IT-L23	0.000	0.000	0.267	0.100	0.000	0.167	0.033	0.033	0.200	0.000	0.267	0.000	0.100	0.000	0.000	0.133	0.167	0.033	0.000	20.000	6.367	2.000	1.000	0.000	0.100	0.000	0.000	0.167	0.067	0.000	0.067	0.033	0.167	2.300	0.033	0.100	0.000	1.600	0.033	0.000	0.000
IT-L4	0.000	0.100	0.100	0.067	0.000	0.000	0.067	0.133	0.067	0.000	0.033	0.000	0.067	0.000	0.000	0.100	0.000	0.000	0.033	3.433	20.000	5.033	1.533	0.000	0.000	0.000	0.100	0.067	0.033	0.000	0.033	0.033	0.133	0.333	0.000	0.000	0.000	0.233	0.000	0.000	0.000
IT-L5	0.000	0.067	0.133	0.067	0.000	0.033	0.067	0.133	1.567	0.000	0.033	0.000	0.000	0.100	0.000	0.233	0.067	0.000	0.000	2.233	4.033	20.000	6.200	0.233	0.067	0.000	0.133	0.100	0.067	0.067	0.133	0.000	0.033	0.900	0.000	0.067	0.000	1.267	0.033	0.000	0.000
IT-L6	0.000	0.100	0.233	0.000	0.100	0.067	0.133	1.067	3.333	0.000	0.100	0.000	0.033	0.000	0.000	2.533	0.100	0.000	0.033	0.700	2.167	6.467	20.000	0.333	0.100	0.000	0.100	0.067	0.100	0.067	0.167	0.033	0.100	0.833	0.000	0.033	0.000	1.333	0.033	0.067	0.000
L6b	0.000	0.187	0.000	0.000	0.000	0.062	0.062	0.062	3.925	0.000	0.249	0.125	0.000	0.000	0.000	2.617	0.498	0.000	0.000	0.125	0.000	0.187	1.059	20.000	0.187	0.000	0.125	0.249	0.062	0.000	0.312	0.000	0.125	0.685	0.000	0.872	0.000	0.935	0.000	0.000	0.000
LSX-Inh	0.067	0.200	0.033	0.000	0.000	0.067	0.167	0.033	0.033	0.167	0.733	0.067	0.000	0.000	0.033	0.000	1.267	0.000	0.000	0.100	0.100	0.067	0.133	0.100	20.000	0.200	0.033	0.267	0.067	0.233	0.133	0.033	0.567	0.433	0.000	7.000	0.000	0.100	0.000	0.000	0.033
MGC	0.155	0.388	0.000	0.078	0.000	0.000	0.000	0.000	0.000	0.078	0.000	0.078	0.000	0.000	0.310	0.233	0.310	0.000	0.000	0.155	0.000	0.155	0.000	0.078	0.000	20.000	0.078	0.000	0.000	0.078	0.155	0.310	0.310	0.078	0.078	0.930	0.233	0.000	0.078	0.310	0.310
MGE-Pvalb	0.000	0.033	0.000	0.033	0.000	0.167	0.433	0.167	0.133	0.300	0.233	0.033	0.000	0.000	0.000	0.067	0.167	0.000	0.000	0.033	0.033	0.300	0.133	0.200	0.067	0.000	20.000	4.433	0.067	0.000	0.400	0.067	0.433	0.567	0.000	0.500	0.067	0.133	0.033	0.000	0.000
MGE-Sst	0.000	0.033	0.033	0.033	0.000	0.167	1.433	0.100	0.100	0.433	0.133	0.100	0.067	0.000	0.000	0.033	0.233	0.000	0.000	0.100	0.033	0.067	0.100	0.000	0.133	0.000	6.467	20.000	0.067	0.033	0.200	0.100	0.333	0.733	0.000	1.900	0.033	0.067	0.300	0.000	0.033
MSN-D1	0.000	0.000	0.033	0.000	0.000	0.000	0.000	0.067	0.067	0.000	5.767	0.000	0.000	0.000	0.000	0.033	0.600	0.000	0.000	0.133	0.067	0.000	0.033	0.000	0.200	0.000	0.033	0.033	20.000	7.000	0.033	0.000	0.133	0.167	0.000	0.533	0.000	0.033	0.000	0.033	0.000
MSN-D2	0.000	0.167	0.000	0.033	0.033	0.000	0.000	0.067	0.033	0.033	2.900	0.033	0.000	0.000	0.000	0.000	1.667	0.000	0.000	0.033	0.000	0.000	0.067	0.067	0.467	0.033	0.000	0.167	5.900	20.000	0.100	0.033	0.100	0.267	0.033	1.000	0.033	0.133	0.000	0.000	0.000
NP-L6	0.000	0.000	0.000	0.000	0.000	0.000	0.183	0.073	0.623	0.000	0.110	0.000	0.037	0.000	0.000	0.037	0.586	0.073	0.073	0.073	0.000	0.110	0.073	0.110	0.403	0.110	0.147	0.513	0.037	0.110	20.000	0.037	0.037	0.696	0.000	1.319	0.000	0.110	0.000	0.000	0.073
ODC	0.100	1.000	0.000	0.000	0.000	0.000	0.067	0.000	0.000	0.000	0.000	0.033	0.000	0.000	0.033	0.000	0.100	0.000	0.000	0.000	0.033	0.033	0.000	0.000	0.100	0.100	0.033	0.000	0.000	0.033	0.033	20.000	0.267	0.067	1.033	0.033	0.000	0.000	0.100	0.033	0.033
OLF	0.549	1.053	0.046	0.183	0.046	0.320	1.556	0.137	0.046	0.275	0.229	0.137	0.412	0.092	0.000	0.046	3.066	0.000	0.046	0.275	0.046	0.092	0.046	0.092	0.549	0.046	0.366	0.686	0.183	0.137	0.046	0.778	20.000	0.824	0.137	1.648	0.046	0.092	0.000	0.000	0.046
OLF-Exc	0.000	0.167	0.633	0.233	0.000	0.133	0.100	0.233	0.567	0.000	0.600	0.100	0.133	0.000	0.067	0.400	0.400	0.067	0.100	2.033	0.300	1.333	1.333	0.267	0.367	0.067	0.433	0.667	0.200	0.100	0.300	0.033	0.267	20.000	0.100	1.300	0.033	2.067	0.067	0.000	0.033
OPC	0.513	1.966	0.000	0.171	0.000	0.085	0.427	0.000	0.000	0.085	0.085	0.171	0.085	0.000	0.000	0.000	0.171	0.085	0.085	0.171	0.000	0.000	0.000	0.000	0.000	0.085	0.085	0.085	0.000	0.000	0.171	6.154	0.427	0.085	20.000	0.000	0.000	0.085	0.000	0.000	0.000
PAL-Inh	0.000	0.367	0.067	0.000	0.000	0.000	0.333	0.033	0.033	0.367	1.267	0.700	0.000	0.000	0.000	0.000	2.100	0.000	0.000	0.133	0.000	0.067	0.133	0.200	5.033	0.000	0.667	2.267	0.567	0.600	0.500	0.033	1.000	0.867	0.067	20.000	0.000	0.100	0.033	0.033	0.000
PC	0.392	0.784	0.392	0.000	0.000	0.000	0.000	0.000	0.000	0.000	0.000	0.000	0.000	0.000	2.353	0.000	0.000	0.000	0.000	0.000	0.000	0.000	0.000	0.392	0.000	1.176	0.000	0.392	0.000	0.784	0.392	0.784	1.176	0.000	0.784	0.000	20.000	0.000	0.000	4.706	0.392
PT-L5	0.000	0.067	0.400	0.100	0.033	0.233	0.067	0.100	1.567	0.000	0.167	0.000	0.067	0.000	0.000	0.267	0.267	0.100	0.067	1.700	0.300	1.967	1.333	0.433	0.133	0.233	0.200	0.500	0.167	0.100	0.200	0.033	0.100	2.233	0.133	0.133	0.000	20.000	0.000	0.000	0.000
Unc5c	0.000	0.000	0.000	0.303	0.000	6.970	2.727	0.000	0.000	0.000	0.606	0.303	0.303	0.000	0.000	0.000	0.303	0.000	0.000	0.303	0.000	0.303	0.303	0.303	0.303	0.000	1.818	0.909	0.000	0.000	0.000	0.303	0.909	0.606	0.000	0.000	0.000	0.000	20.000	0.000	0.000
VLMC	0.000	0.952	0.000	0.000	0.000	0.000	0.317	0.000	0.000	0.000	0.000	0.000	0.000	0.000	0.317	0.000	0.000	0.000	0.000	0.000	0.000	0.000	0.000	0.159	0.159	0.317	0.000	0.159	0.000	0.000	0.000	0.317	0.159	0.000	0.159	0.317	0.794	0.000	0.000	20.000	1.587
VLMC-Pia	0.290	0.000	0.000	0.000	0.000	0.000	0.290	0.000	0.000	0.000	0.000	0.290	0.000	0.000	0.000	0.000	0.290	0.000	0.000	0.000	0.000	0.000	0.290	0.290	0.870	0.000	0.000	0.000	0.000	0.000	0.290	0.290	1.449	0.290	0.000	0.290	0.290	0.290	0.000	5.217	20.000
