chrom	beg	end	Probe_ID	beta	sample_name
chr20	44618683	44618685	cg07097722	0.7462	2671-Tumour
chr20	44618683	44618685	cg07097722	0.5027	2675-Tumour
chr20	44618683	44618685	cg07097722	0.748	2679-Tumour
chr20	44618683	44618685	cg07097722	0.6602	2680-Tumour
chr20	44618683	44618685	cg07097722	0.5614	2681-Tumour
chr20	44618683	44618685	cg07097722	0.689	2682-Tumour
chr20	44618683	44618685	cg07097722	0.533	2684-Tumour
chr20	44618683	44618685	cg07097722	0.5972	2685-Tumour
chr20	44618683	44618685	cg07097722	0.3876	2686-Tumour
chr20	44618683	44618685	cg07097722	0.5634	4107-Tumour
chr20	44618683	44618685	cg07097722	0.669	5667-Tumour
chr20	44618683	44618685	cg07097722	0.6766	3488-Tumour
chr20	44618683	44618685	cg07097722	0.6548	3492-Tumour
chr20	44618683	44618685	cg07097722	0.6148	3494-Tumour
chr20	44618683	44618685	cg07097722	0.4193	3495-Tumour
chr20	44618683	44618685	cg07097722	0.4083	3502-Tumour
chr20	44618683	44618685	cg07097722	0.5498	3506-Tumour
chr20	44618683	44618685	cg07097722	0.3752	3509-Tumour
chr20	44618683	44618685	cg07097722	0.6938	3510-Tumour
chr20	44618683	44618685	cg07097722	0.7561	3655-Tumour
chr20	44618683	44618685	cg07097722	0.5561	3660-Tumour
chr20	44618683	44618685	cg07097722	0.6016	3663-Tumour
chr20	44618683	44618685	cg07097722	0.4561	3697-Tumour
chr20	44618683	44618685	cg07097722	0.6994	3712-Tumour
chr20	44618683	44618685	cg07097722	0.6336	3713-Tumour
chr20	44618683	44618685	cg07097722	0.681	6598-Tumour
chr20	44618683	44618685	cg07097722	0.4904	6599-Tumour
chr20	44618683	44618685	cg07097722	0.4307	6600-Tumour
chr20	44618683	44618685	cg07097722	0.6373	6601-Tumour
chr20	44618683	44618685	cg07097722	0.7543	6295-Tumour
chr20	44618683	44618685	cg07097722	0.518	6297-Tumour
chr20	44618683	44618685	cg07097722	0.4831	6298-Tumour
chr20	44618683	44618685	cg07097722	0.6081	6302-Tumour
chr20	44618683	44618685	cg07097722	0.5584	6311-Tumour
chr20	44618683	44618685	cg07097722	0.595	6314-Tumour
chr20	44618683	44618685	cg07097722	0.456	6320-Tumour
chr20	44618683	44618685	cg07097722	0.7373	6322-Tumour
chr20	44618683	44618685	cg07097722	0.7601	6625-Tumour
chr20	44618683	44618685	cg07097722	0.4651	2671-Normal
chr20	44618683	44618685	cg07097722	0.5569	2675-Normal
chr20	44618683	44618685	cg07097722	0.4514	2679-Normal
chr20	44618683	44618685	cg07097722	0.3587	2680-Normal
chr20	44618683	44618685	cg07097722	0.4754	2681-Normal
chr20	44618683	44618685	cg07097722	0.3595	2682-Normal
chr20	44618683	44618685	cg07097722	0.3883	2684-Normal
chr20	44618683	44618685	cg07097722	0.3569	2685-Normal
chr20	44618683	44618685	cg07097722	0.4225	2686-Normal
chr20	44618683	44618685	cg07097722	0.518	4107-Normal
chr20	44618683	44618685	cg07097722	0.4698	5667-Normal
chr20	44618683	44618685	cg07097722	0.486	3488-Normal
chr20	44618683	44618685	cg07097722	0.5182	3492-Normal
chr20	44618683	44618685	cg07097722	0.5247	3494-Normal
chr20	44618683	44618685	cg07097722	0.5094	3495-Normal
chr20	44618683	44618685	cg07097722	0.56	3502-Normal
chr20	44618683	44618685	cg07097722	0.5296	3506-Normal
chr20	44618683	44618685	cg07097722	0.6268	3509-Normal
chr20	44618683	44618685	cg07097722	0.4517	3510-Normal
chr20	44618683	44618685	cg07097722	0.5216	3655-Normal
chr20	44618683	44618685	cg07097722	0.4456	3660-Normal
chr20	44618683	44618685	cg07097722	0.5774	3663-Normal
chr20	44618683	44618685	cg07097722	0.5758	3697-Normal
chr20	44618683	44618685	cg07097722	0.4727	3712-Normal
chr20	44618683	44618685	cg07097722	0.5952	3713-Normal
chr20	44618683	44618685	cg07097722	0.4636	6598-Normal
chr20	44618683	44618685	cg07097722	0.5404	6599-Normal
chr20	44618683	44618685	cg07097722	0.531	6600-Normal
chr20	44618683	44618685	cg07097722	0.5125	6601-Normal
chr20	44618683	44618685	cg07097722	0.4734	6295-Normal
chr20	44618683	44618685	cg07097722	0.4281	6297-Normal
chr20	44618683	44618685	cg07097722	0.4768	6298-Normal
chr20	44618683	44618685	cg07097722	0.4517	6302-Normal
chr20	44618683	44618685	cg07097722	0.4726	6311-Normal
chr20	44618683	44618685	cg07097722	0.4609	6314-Normal
chr20	44618683	44618685	cg07097722	0.4259	6320-Normal
chr20	44618683	44618685	cg07097722	0.4516	6322-Normal
chr20	44618683	44618685	cg07097722	0.4301	6625-Normal
chr20	44619622	44619624	cg22316575	0.8059	2671-Tumour
chr20	44619622	44619624	cg22316575	0.786	2675-Tumour
chr20	44619622	44619624	cg22316575	0.7666	2679-Tumour
chr20	44619622	44619624	cg22316575	0.8395	2680-Tumour
chr20	44619622	44619624	cg22316575	0.8303	2681-Tumour
chr20	44619622	44619624	cg22316575	0.7562	2682-Tumour
chr20	44619622	44619624	cg22316575	0.7951	2684-Tumour
chr20	44619622	44619624	cg22316575	0.745	2685-Tumour
chr20	44619622	44619624	cg22316575	0.8192	2686-Tumour
chr20	44619622	44619624	cg22316575	0.8201	4107-Tumour
chr20	44619622	44619624	cg22316575	0.7892	5667-Tumour
chr20	44619622	44619624	cg22316575	0.8085	3488-Tumour
chr20	44619622	44619624	cg22316575	0.7676	3492-Tumour
chr20	44619622	44619624	cg22316575	0.7446	3494-Tumour
chr20	44619622	44619624	cg22316575	0.8023	3495-Tumour
chr20	44619622	44619624	cg22316575	0.6274	3502-Tumour
chr20	44619622	44619624	cg22316575	0.7801	3506-Tumour
chr20	44619622	44619624	cg22316575	0.8125	3509-Tumour
chr20	44619622	44619624	cg22316575	0.8268	3510-Tumour
chr20	44619622	44619624	cg22316575	0.8076	3655-Tumour
chr20	44619622	44619624	cg22316575	0.7119	3660-Tumour
chr20	44619622	44619624	cg22316575	0.6944	3663-Tumour
chr20	44619622	44619624	cg22316575	0.7193	3697-Tumour
chr20	44619622	44619624	cg22316575	0.786	3712-Tumour
chr20	44619622	44619624	cg22316575	0.5224	3713-Tumour
chr20	44619622	44619624	cg22316575	0.6937	6598-Tumour
chr20	44619622	44619624	cg22316575	0.7438	6599-Tumour
chr20	44619622	44619624	cg22316575	0.8295	6600-Tumour
chr20	44619622	44619624	cg22316575	0.7847	6601-Tumour
chr20	44619622	44619624	cg22316575	0.6333	6295-Tumour
chr20	44619622	44619624	cg22316575	0.7638	6297-Tumour
chr20	44619622	44619624	cg22316575	0.819	6298-Tumour
chr20	44619622	44619624	cg22316575	0.859	6302-Tumour
chr20	44619622	44619624	cg22316575	0.7843	6311-Tumour
chr20	44619622	44619624	cg22316575	0.8571	6314-Tumour
chr20	44619622	44619624	cg22316575	0.6461	6320-Tumour
chr20	44619622	44619624	cg22316575	0.5146	6322-Tumour
chr20	44619622	44619624	cg22316575	0.7047	6625-Tumour
chr20	44619622	44619624	cg22316575	0.8408	2671-Normal
chr20	44619622	44619624	cg22316575	0.8893	2675-Normal
chr20	44619622	44619624	cg22316575	0.8336	2679-Normal
chr20	44619622	44619624	cg22316575	0.829	2680-Normal
chr20	44619622	44619624	cg22316575	0.8447	2681-Normal
chr20	44619622	44619624	cg22316575	0.8394	2682-Normal
chr20	44619622	44619624	cg22316575	0.8435	2684-Normal
chr20	44619622	44619624	cg22316575	0.8368	2685-Normal
chr20	44619622	44619624	cg22316575	0.8225	2686-Normal
chr20	44619622	44619624	cg22316575	0.8467	4107-Normal
chr20	44619622	44619624	cg22316575	0.8432	5667-Normal
chr20	44619622	44619624	cg22316575	0.8328	3488-Normal
chr20	44619622	44619624	cg22316575	0.8406	3492-Normal
chr20	44619622	44619624	cg22316575	0.8304	3494-Normal
chr20	44619622	44619624	cg22316575	0.8377	3495-Normal
chr20	44619622	44619624	cg22316575	0.8361	3502-Normal
chr20	44619622	44619624	cg22316575	0.8163	3506-Normal
chr20	44619622	44619624	cg22316575	0.8422	3509-Normal
chr20	44619622	44619624	cg22316575	0.8547	3510-Normal
chr20	44619622	44619624	cg22316575	0.8492	3655-Normal
chr20	44619622	44619624	cg22316575	0.8559	3660-Normal
chr20	44619622	44619624	cg22316575	0.8588	3663-Normal
chr20	44619622	44619624	cg22316575	0.858	3697-Normal
chr20	44619622	44619624	cg22316575	0.8413	3712-Normal
chr20	44619622	44619624	cg22316575	0.8231	3713-Normal
chr20	44619622	44619624	cg22316575	0.8607	6598-Normal
chr20	44619622	44619624	cg22316575	0.8457	6599-Normal
chr20	44619622	44619624	cg22316575	0.8348	6600-Normal
chr20	44619622	44619624	cg22316575	0.8444	6601-Normal
chr20	44619622	44619624	cg22316575	0.778	6295-Normal
chr20	44619622	44619624	cg22316575	0.8343	6297-Normal
chr20	44619622	44619624	cg22316575	0.8326	6298-Normal
chr20	44619622	44619624	cg22316575	0.9163	6302-Normal
chr20	44619622	44619624	cg22316575	0.8335	6311-Normal
chr20	44619622	44619624	cg22316575	0.8285	6314-Normal
chr20	44619622	44619624	cg22316575	0.8345	6320-Normal
chr20	44619622	44619624	cg22316575	0.8314	6322-Normal
chr20	44619622	44619624	cg22316575	0.8409	6625-Normal
chr20	44648898	44648900	cg11731821	0.8794	2671-Tumour
chr20	44648898	44648900	cg11731821	0.8289	2675-Tumour
chr20	44648898	44648900	cg11731821	0.8827	2679-Tumour
chr20	44648898	44648900	cg11731821	0.8844	2680-Tumour
chr20	44648898	44648900	cg11731821	0.8844	2681-Tumour
chr20	44648898	44648900	cg11731821	0.8416	2682-Tumour
chr20	44648898	44648900	cg11731821	0.8865	2684-Tumour
chr20	44648898	44648900	cg11731821	0.8786	2685-Tumour
chr20	44648898	44648900	cg11731821	0.8735	2686-Tumour
chr20	44648898	44648900	cg11731821	0.8745	4107-Tumour
chr20	44648898	44648900	cg11731821	0.8682	5667-Tumour
chr20	44648898	44648900	cg11731821	0.856	3488-Tumour
chr20	44648898	44648900	cg11731821	0.8588	3492-Tumour
chr20	44648898	44648900	cg11731821	0.8613	3494-Tumour
chr20	44648898	44648900	cg11731821	0.8876	3495-Tumour
chr20	44648898	44648900	cg11731821	0.7721	3502-Tumour
chr20	44648898	44648900	cg11731821	0.8623	3506-Tumour
chr20	44648898	44648900	cg11731821	0.8991	3509-Tumour
chr20	44648898	44648900	cg11731821	0.8809	3510-Tumour
chr20	44648898	44648900	cg11731821	0.874	3655-Tumour
chr20	44648898	44648900	cg11731821	0.8005	3660-Tumour
chr20	44648898	44648900	cg11731821	0.8563	3663-Tumour
chr20	44648898	44648900	cg11731821	0.8408	3697-Tumour
chr20	44648898	44648900	cg11731821	0.8809	3712-Tumour
chr20	44648898	44648900	cg11731821	0.837	3713-Tumour
chr20	44648898	44648900	cg11731821	0.8688	6598-Tumour
chr20	44648898	44648900	cg11731821	0.8173	6599-Tumour
chr20	44648898	44648900	cg11731821	0.8645	6600-Tumour
chr20	44648898	44648900	cg11731821	0.8429	6601-Tumour
chr20	44648898	44648900	cg11731821	0.8496	6295-Tumour
chr20	44648898	44648900	cg11731821	0.8649	6297-Tumour
chr20	44648898	44648900	cg11731821	0.8746	6298-Tumour
chr20	44648898	44648900	cg11731821	0.8562	6302-Tumour
chr20	44648898	44648900	cg11731821	0.88	6311-Tumour
chr20	44648898	44648900	cg11731821	0.8427	6314-Tumour
chr20	44648898	44648900	cg11731821	0.8301	6320-Tumour
chr20	44648898	44648900	cg11731821	0.8295	6322-Tumour
chr20	44648898	44648900	cg11731821	0.8565	6625-Tumour
chr20	44648898	44648900	cg11731821	0.8774	2671-Normal
chr20	44648898	44648900	cg11731821	0.7759	2675-Normal
chr20	44648898	44648900	cg11731821	0.8889	2679-Normal
chr20	44648898	44648900	cg11731821	0.8793	2680-Normal
chr20	44648898	44648900	cg11731821	0.8665	2681-Normal
chr20	44648898	44648900	cg11731821	0.8864	2682-Normal
chr20	44648898	44648900	cg11731821	0.8778	2684-Normal
chr20	44648898	44648900	cg11731821	0.8787	2685-Normal
chr20	44648898	44648900	cg11731821	0.8775	2686-Normal
chr20	44648898	44648900	cg11731821	0.8375	4107-Normal
chr20	44648898	44648900	cg11731821	0.8436	5667-Normal
chr20	44648898	44648900	cg11731821	0.8892	3488-Normal
chr20	44648898	44648900	cg11731821	0.8501	3492-Normal
chr20	44648898	44648900	cg11731821	0.871	3494-Normal
chr20	44648898	44648900	cg11731821	0.8501	3495-Normal
chr20	44648898	44648900	cg11731821	0.8465	3502-Normal
chr20	44648898	44648900	cg11731821	0.8884	3506-Normal
chr20	44648898	44648900	cg11731821	0.8742	3509-Normal
chr20	44648898	44648900	cg11731821	0.879	3510-Normal
chr20	44648898	44648900	cg11731821	0.8513	3655-Normal
chr20	44648898	44648900	cg11731821	0.874	3660-Normal
chr20	44648898	44648900	cg11731821	0.8777	3663-Normal
chr20	44648898	44648900	cg11731821	0.8664	3697-Normal
chr20	44648898	44648900	cg11731821	0.8659	3712-Normal
chr20	44648898	44648900	cg11731821	0.8209	3713-Normal
chr20	44648898	44648900	cg11731821	0.8557	6598-Normal
chr20	44648898	44648900	cg11731821	0.8588	6599-Normal
chr20	44648898	44648900	cg11731821	0.8697	6600-Normal
chr20	44648898	44648900	cg11731821	0.892	6601-Normal
chr20	44648898	44648900	cg11731821	0.852	6295-Normal
chr20	44648898	44648900	cg11731821	0.8415	6297-Normal
chr20	44648898	44648900	cg11731821	0.8912	6298-Normal
chr20	44648898	44648900	cg11731821	0.8899	6302-Normal
chr20	44648898	44648900	cg11731821	0.864	6311-Normal
chr20	44648898	44648900	cg11731821	0.8685	6314-Normal
chr20	44648898	44648900	cg11731821	0.859	6320-Normal
chr20	44648898	44648900	cg11731821	0.8478	6322-Normal
chr20	44648898	44648900	cg11731821	0.8316	6625-Normal
chr20	44651151	44651153	cg20622019	0.6094	2671-Tumour
chr20	44651151	44651153	cg20622019	0.2752	2675-Tumour
chr20	44651151	44651153	cg20622019	0.32	2679-Tumour
chr20	44651151	44651153	cg20622019	0.3985	2680-Tumour
chr20	44651151	44651153	cg20622019	0.3294	2681-Tumour
chr20	44651151	44651153	cg20622019	0.5635	2682-Tumour
chr20	44651151	44651153	cg20622019	0.3564	2684-Tumour
chr20	44651151	44651153	cg20622019	0.318	2685-Tumour
chr20	44651151	44651153	cg20622019	0.4849	2686-Tumour
chr20	44651151	44651153	cg20622019	0.3648	4107-Tumour
chr20	44651151	44651153	cg20622019	0.4571	5667-Tumour
chr20	44651151	44651153	cg20622019	0.2861	3488-Tumour
chr20	44651151	44651153	cg20622019	0.266	3492-Tumour
chr20	44651151	44651153	cg20622019	0.5422	3494-Tumour
chr20	44651151	44651153	cg20622019	0.5609	3495-Tumour
chr20	44651151	44651153	cg20622019	0.4505	3502-Tumour
chr20	44651151	44651153	cg20622019	0.5411	3506-Tumour
chr20	44651151	44651153	cg20622019	0.3392	3509-Tumour
chr20	44651151	44651153	cg20622019	0.6482	3510-Tumour
chr20	44651151	44651153	cg20622019	0.572	3655-Tumour
chr20	44651151	44651153	cg20622019	0.6957	3660-Tumour
chr20	44651151	44651153	cg20622019	0.6993	3663-Tumour
chr20	44651151	44651153	cg20622019	0.4356	3697-Tumour
chr20	44651151	44651153	cg20622019	0.6316	3712-Tumour
chr20	44651151	44651153	cg20622019	0.4863	3713-Tumour
chr20	44651151	44651153	cg20622019	0.5742	6598-Tumour
chr20	44651151	44651153	cg20622019	0.3945	6599-Tumour
chr20	44651151	44651153	cg20622019	0.4841	6600-Tumour
chr20	44651151	44651153	cg20622019	0.2301	6601-Tumour
chr20	44651151	44651153	cg20622019	0.4299	6295-Tumour
chr20	44651151	44651153	cg20622019	0.467	6297-Tumour
chr20	44651151	44651153	cg20622019	0.5235	6298-Tumour
chr20	44651151	44651153	cg20622019	0.4497	6302-Tumour
chr20	44651151	44651153	cg20622019	0.6272	6311-Tumour
chr20	44651151	44651153	cg20622019	0.6617	6314-Tumour
chr20	44651151	44651153	cg20622019	0.5319	6320-Tumour
chr20	44651151	44651153	cg20622019	0.7907	6322-Tumour
chr20	44651151	44651153	cg20622019	0.2458	6625-Tumour
chr20	44651151	44651153	cg20622019	0.3641	2671-Normal
chr20	44651151	44651153	cg20622019	0.3902	2675-Normal
chr20	44651151	44651153	cg20622019	0.279	2679-Normal
chr20	44651151	44651153	cg20622019	0.3253	2680-Normal
chr20	44651151	44651153	cg20622019	0.332	2681-Normal
chr20	44651151	44651153	cg20622019	0.3046	2682-Normal
chr20	44651151	44651153	cg20622019	0.3078	2684-Normal
chr20	44651151	44651153	cg20622019	0.3853	2685-Normal
chr20	44651151	44651153	cg20622019	0.3038	2686-Normal
chr20	44651151	44651153	cg20622019	0.4137	4107-Normal
chr20	44651151	44651153	cg20622019	0.4616	5667-Normal
chr20	44651151	44651153	cg20622019	0.4038	3488-Normal
chr20	44651151	44651153	cg20622019	0.3349	3492-Normal
chr20	44651151	44651153	cg20622019	0.4232	3494-Normal
chr20	44651151	44651153	cg20622019	0.39	3495-Normal
chr20	44651151	44651153	cg20622019	0.419	3502-Normal
chr20	44651151	44651153	cg20622019	0.4201	3506-Normal
chr20	44651151	44651153	cg20622019	0.5011	3509-Normal
chr20	44651151	44651153	cg20622019	0.3312	3510-Normal
chr20	44651151	44651153	cg20622019	0.4416	3655-Normal
chr20	44651151	44651153	cg20622019	0.3112	3660-Normal
chr20	44651151	44651153	cg20622019	0.3989	3663-Normal
chr20	44651151	44651153	cg20622019	0.3902	3697-Normal
chr20	44651151	44651153	cg20622019	0.403	3712-Normal
chr20	44651151	44651153	cg20622019	0.3532	3713-Normal
chr20	44651151	44651153	cg20622019	0.2879	6598-Normal
chr20	44651151	44651153	cg20622019	0.3146	6599-Normal
chr20	44651151	44651153	cg20622019	0.2983	6600-Normal
chr20	44651151	44651153	cg20622019	0.4679	6601-Normal
chr20	44651151	44651153	cg20622019	0.3536	6295-Normal
chr20	44651151	44651153	cg20622019	0.294	6297-Normal
chr20	44651151	44651153	cg20622019	0.3016	6298-Normal
chr20	44651151	44651153	cg20622019	0.378	6302-Normal
chr20	44651151	44651153	cg20622019	0.3011	6311-Normal
chr20	44651151	44651153	cg20622019	0.3291	6314-Normal
chr20	44651151	44651153	cg20622019	0.2908	6320-Normal
chr20	44651151	44651153	cg20622019	0.3983	6322-Normal
chr20	44651151	44651153	cg20622019	0.3051	6625-Normal
chr20	44651493	44651495	cg09030830	0.138	2671-Tumour
chr20	44651493	44651495	cg09030830	0.1194	2675-Tumour
chr20	44651493	44651495	cg09030830	0.1692	2679-Tumour
chr20	44651493	44651495	cg09030830	0.1599	2680-Tumour
chr20	44651493	44651495	cg09030830	0.1552	2681-Tumour
chr20	44651493	44651495	cg09030830	0.1459	2682-Tumour
chr20	44651493	44651495	cg09030830	0.1429	2684-Tumour
chr20	44651493	44651495	cg09030830	0.1429	2685-Tumour
chr20	44651493	44651495	cg09030830	0.137	2686-Tumour
chr20	44651493	44651495	cg09030830	0.134	4107-Tumour
chr20	44651493	44651495	cg09030830	0.1322	5667-Tumour
chr20	44651493	44651495	cg09030830	0.1518	3488-Tumour
chr20	44651493	44651495	cg09030830	0.1233	3492-Tumour
chr20	44651493	44651495	cg09030830	0.2087	3494-Tumour
chr20	44651493	44651495	cg09030830	0.142	3495-Tumour
chr20	44651493	44651495	cg09030830	0.1765	3502-Tumour
chr20	44651493	44651495	cg09030830	0.1747	3506-Tumour
chr20	44651493	44651495	cg09030830	0.1594	3509-Tumour
chr20	44651493	44651495	cg09030830	0.1438	3510-Tumour
chr20	44651493	44651495	cg09030830	0.1306	3655-Tumour
chr20	44651493	44651495	cg09030830	0.2141	3660-Tumour
chr20	44651493	44651495	cg09030830	0.1389	3663-Tumour
chr20	44651493	44651495	cg09030830	0.165	3697-Tumour
chr20	44651493	44651495	cg09030830	0.1238	3712-Tumour
chr20	44651493	44651495	cg09030830	0.1437	3713-Tumour
chr20	44651493	44651495	cg09030830	0.4076	6598-Tumour
chr20	44651493	44651495	cg09030830	0.2329	6599-Tumour
chr20	44651493	44651495	cg09030830	0.1329	6600-Tumour
chr20	44651493	44651495	cg09030830	0.1195	6601-Tumour
chr20	44651493	44651495	cg09030830	0.1705	6295-Tumour
chr20	44651493	44651495	cg09030830	0.1477	6297-Tumour
chr20	44651493	44651495	cg09030830	0.1085	6298-Tumour
chr20	44651493	44651495	cg09030830	0.127	6302-Tumour
chr20	44651493	44651495	cg09030830	0.1215	6311-Tumour
chr20	44651493	44651495	cg09030830	0.141	6314-Tumour
chr20	44651493	44651495	cg09030830	0.2294	6320-Tumour
chr20	44651493	44651495	cg09030830	0.142	6322-Tumour
chr20	44651493	44651495	cg09030830	0.1135	6625-Tumour
chr20	44651493	44651495	cg09030830	0.137	2671-Normal
chr20	44651493	44651495	cg09030830	0.1084	2675-Normal
chr20	44651493	44651495	cg09030830	0.1202	2679-Normal
chr20	44651493	44651495	cg09030830	0.1632	2680-Normal
chr20	44651493	44651495	cg09030830	0.1413	2681-Normal
chr20	44651493	44651495	cg09030830	0.1455	2682-Normal
chr20	44651493	44651495	cg09030830	0.1438	2684-Normal
chr20	44651493	44651495	cg09030830	0.1422	2685-Normal
chr20	44651493	44651495	cg09030830	0.1409	2686-Normal
chr20	44651493	44651495	cg09030830	0.15	4107-Normal
chr20	44651493	44651495	cg09030830	0.1358	5667-Normal
chr20	44651493	44651495	cg09030830	0.1495	3488-Normal
chr20	44651493	44651495	cg09030830	0.1638	3492-Normal
chr20	44651493	44651495	cg09030830	0.1325	3494-Normal
chr20	44651493	44651495	cg09030830	0.1507	3495-Normal
chr20	44651493	44651495	cg09030830	0.1208	3502-Normal
chr20	44651493	44651495	cg09030830	0.1362	3506-Normal
chr20	44651493	44651495	cg09030830	0.1213	3509-Normal
chr20	44651493	44651495	cg09030830	0.1575	3510-Normal
chr20	44651493	44651495	cg09030830	0.1373	3655-Normal
chr20	44651493	44651495	cg09030830	0.1209	3660-Normal
chr20	44651493	44651495	cg09030830	0.1436	3663-Normal
chr20	44651493	44651495	cg09030830	0.1275	3697-Normal
chr20	44651493	44651495	cg09030830	0.1433	3712-Normal
chr20	44651493	44651495	cg09030830	0.1389	3713-Normal
chr20	44651493	44651495	cg09030830	0.147	6598-Normal
chr20	44651493	44651495	cg09030830	0.1558	6599-Normal
chr20	44651493	44651495	cg09030830	0.1495	6600-Normal
chr20	44651493	44651495	cg09030830	0.157	6601-Normal
chr20	44651493	44651495	cg09030830	0.1478	6295-Normal
chr20	44651493	44651495	cg09030830	0.1134	6297-Normal
chr20	44651493	44651495	cg09030830	0.1415	6298-Normal
chr20	44651493	44651495	cg09030830	0.1483	6302-Normal
chr20	44651493	44651495	cg09030830	0.1675	6311-Normal
chr20	44651493	44651495	cg09030830	0.1262	6314-Normal
chr20	44651493	44651495	cg09030830	0.1457	6320-Normal
chr20	44651493	44651495	cg09030830	0.1388	6322-Normal
chr20	44651493	44651495	cg09030830	0.1254	6625-Normal
chr20	44651615	44651617	cg11091439	0.0502	2671-Tumour
chr20	44651615	44651617	cg11091439	0.0553	2675-Tumour
chr20	44651615	44651617	cg11091439	0.0391	2679-Tumour
chr20	44651615	44651617	cg11091439	0.0433	2680-Tumour
chr20	44651615	44651617	cg11091439	0.0473	2681-Tumour
chr20	44651615	44651617	cg11091439	0.0471	2682-Tumour
chr20	44651615	44651617	cg11091439	0.0463	2684-Tumour
chr20	44651615	44651617	cg11091439	0.0483	2685-Tumour
chr20	44651615	44651617	cg11091439	0.0555	2686-Tumour
chr20	44651615	44651617	cg11091439	0.037	4107-Tumour
chr20	44651615	44651617	cg11091439	0.0582	5667-Tumour
chr20	44651615	44651617	cg11091439	0.0496	3488-Tumour
chr20	44651615	44651617	cg11091439	0.0435	3492-Tumour
chr20	44651615	44651617	cg11091439	0.0397	3494-Tumour
chr20	44651615	44651617	cg11091439	0.0402	3495-Tumour
chr20	44651615	44651617	cg11091439	0.0508	3502-Tumour
chr20	44651615	44651617	cg11091439	0.0392	3506-Tumour
chr20	44651615	44651617	cg11091439	0.0538	3509-Tumour
chr20	44651615	44651617	cg11091439	0.0496	3510-Tumour
chr20	44651615	44651617	cg11091439	0.0541	3655-Tumour
chr20	44651615	44651617	cg11091439	0.0565	3660-Tumour
chr20	44651615	44651617	cg11091439	0.0623	3663-Tumour
chr20	44651615	44651617	cg11091439	0.053	3697-Tumour
chr20	44651615	44651617	cg11091439	0.0531	3712-Tumour
chr20	44651615	44651617	cg11091439	0.087	3713-Tumour
chr20	44651615	44651617	cg11091439	0.2167	6598-Tumour
chr20	44651615	44651617	cg11091439	0.0602	6599-Tumour
chr20	44651615	44651617	cg11091439	0.0493	6600-Tumour
chr20	44651615	44651617	cg11091439	0.0528	6601-Tumour
chr20	44651615	44651617	cg11091439	0.0464	6295-Tumour
chr20	44651615	44651617	cg11091439	0.0543	6297-Tumour
chr20	44651615	44651617	cg11091439	0.0587	6298-Tumour
chr20	44651615	44651617	cg11091439	0.049	6302-Tumour
chr20	44651615	44651617	cg11091439	0.0548	6311-Tumour
chr20	44651615	44651617	cg11091439	0.0505	6314-Tumour
chr20	44651615	44651617	cg11091439	0.0665	6320-Tumour
chr20	44651615	44651617	cg11091439	0.0518	6322-Tumour
chr20	44651615	44651617	cg11091439	0.0495	6625-Tumour
chr20	44651615	44651617	cg11091439	0.0522	2671-Normal
chr20	44651615	44651617	cg11091439	0.064	2675-Normal
chr20	44651615	44651617	cg11091439	0.0466	2679-Normal
chr20	44651615	44651617	cg11091439	0.0551	2680-Normal
chr20	44651615	44651617	cg11091439	0.051	2681-Normal
chr20	44651615	44651617	cg11091439	0.0429	2682-Normal
chr20	44651615	44651617	cg11091439	0.0471	2684-Normal
chr20	44651615	44651617	cg11091439	0.0536	2685-Normal
chr20	44651615	44651617	cg11091439	0.0494	2686-Normal
chr20	44651615	44651617	cg11091439	0.0465	4107-Normal
chr20	44651615	44651617	cg11091439	0.0637	5667-Normal
chr20	44651615	44651617	cg11091439	0.0522	3488-Normal
chr20	44651615	44651617	cg11091439	0.0519	3492-Normal
chr20	44651615	44651617	cg11091439	0.0414	3494-Normal
chr20	44651615	44651617	cg11091439	0.0463	3495-Normal
chr20	44651615	44651617	cg11091439	0.0537	3502-Normal
chr20	44651615	44651617	cg11091439	0.0449	3506-Normal
chr20	44651615	44651617	cg11091439	0.0488	3509-Normal
chr20	44651615	44651617	cg11091439	0.052	3510-Normal
chr20	44651615	44651617	cg11091439	0.0497	3655-Normal
chr20	44651615	44651617	cg11091439	0.0586	3660-Normal
chr20	44651615	44651617	cg11091439	0.0756	3663-Normal
chr20	44651615	44651617	cg11091439	0.0519	3697-Normal
chr20	44651615	44651617	cg11091439	0.0657	3712-Normal
chr20	44651615	44651617	cg11091439	0.0634	3713-Normal
chr20	44651615	44651617	cg11091439	0.0624	6598-Normal
chr20	44651615	44651617	cg11091439	0.0572	6599-Normal
chr20	44651615	44651617	cg11091439	0.0511	6600-Normal
chr20	44651615	44651617	cg11091439	0.0508	6601-Normal
chr20	44651615	44651617	cg11091439	0.0537	6295-Normal
chr20	44651615	44651617	cg11091439	0.0536	6297-Normal
chr20	44651615	44651617	cg11091439	0.0615	6298-Normal
chr20	44651615	44651617	cg11091439	0.1549	6302-Normal
chr20	44651615	44651617	cg11091439	0.0613	6311-Normal
chr20	44651615	44651617	cg11091439	0.0541	6314-Normal
chr20	44651615	44651617	cg11091439	0.0463	6320-Normal
chr20	44651615	44651617	cg11091439	0.0607	6322-Normal
chr20	44651615	44651617	cg11091439	0.0664	6625-Normal
chr20	44651820	44651822	cg06079428	0.0558	2671-Tumour
chr20	44651820	44651822	cg06079428	0.0445	2675-Tumour
chr20	44651820	44651822	cg06079428	0.0544	2679-Tumour
chr20	44651820	44651822	cg06079428	0.0588	2680-Tumour
chr20	44651820	44651822	cg06079428	0.0533	2681-Tumour
chr20	44651820	44651822	cg06079428	0.0545	2682-Tumour
chr20	44651820	44651822	cg06079428	0.0598	2684-Tumour
chr20	44651820	44651822	cg06079428	0.0543	2685-Tumour
chr20	44651820	44651822	cg06079428	0.0509	2686-Tumour
chr20	44651820	44651822	cg06079428	0.0632	4107-Tumour
chr20	44651820	44651822	cg06079428	0.051	5667-Tumour
chr20	44651820	44651822	cg06079428	0.0594	3488-Tumour
chr20	44651820	44651822	cg06079428	0.0526	3492-Tumour
chr20	44651820	44651822	cg06079428	0.0458	3494-Tumour
chr20	44651820	44651822	cg06079428	0.0508	3495-Tumour
chr20	44651820	44651822	cg06079428	0.0633	3502-Tumour
chr20	44651820	44651822	cg06079428	0.0525	3506-Tumour
chr20	44651820	44651822	cg06079428	0.0553	3509-Tumour
chr20	44651820	44651822	cg06079428	0.0611	3510-Tumour
chr20	44651820	44651822	cg06079428	0.0671	3655-Tumour
chr20	44651820	44651822	cg06079428	0.0535	3660-Tumour
chr20	44651820	44651822	cg06079428	0.0512	3663-Tumour
chr20	44651820	44651822	cg06079428	0.0507	3697-Tumour
chr20	44651820	44651822	cg06079428	0.0493	3712-Tumour
chr20	44651820	44651822	cg06079428	0.0543	3713-Tumour
chr20	44651820	44651822	cg06079428	0.0521	6598-Tumour
chr20	44651820	44651822	cg06079428	0.0604	6599-Tumour
chr20	44651820	44651822	cg06079428	0.0611	6600-Tumour
chr20	44651820	44651822	cg06079428	0.0589	6601-Tumour
chr20	44651820	44651822	cg06079428	0.0513	6295-Tumour
chr20	44651820	44651822	cg06079428	0.0471	6297-Tumour
chr20	44651820	44651822	cg06079428	0.0582	6298-Tumour
chr20	44651820	44651822	cg06079428	0.0572	6302-Tumour
chr20	44651820	44651822	cg06079428	0.0464	6311-Tumour
chr20	44651820	44651822	cg06079428	0.0559	6314-Tumour
chr20	44651820	44651822	cg06079428	0.0484	6320-Tumour
chr20	44651820	44651822	cg06079428	0.0657	6322-Tumour
chr20	44651820	44651822	cg06079428	0.0475	6625-Tumour
chr20	44651820	44651822	cg06079428	0.0571	2671-Normal
chr20	44651820	44651822	cg06079428	0.0535	2675-Normal
chr20	44651820	44651822	cg06079428	0.057	2679-Normal
chr20	44651820	44651822	cg06079428	0.057	2680-Normal
chr20	44651820	44651822	cg06079428	0.0649	2681-Normal
chr20	44651820	44651822	cg06079428	0.0613	2682-Normal
chr20	44651820	44651822	cg06079428	0.0608	2684-Normal
chr20	44651820	44651822	cg06079428	0.0594	2685-Normal
chr20	44651820	44651822	cg06079428	0.069	2686-Normal
chr20	44651820	44651822	cg06079428	0.0541	4107-Normal
chr20	44651820	44651822	cg06079428	0.057	5667-Normal
chr20	44651820	44651822	cg06079428	0.0605	3488-Normal
chr20	44651820	44651822	cg06079428	0.0538	3492-Normal
chr20	44651820	44651822	cg06079428	0.0544	3494-Normal
chr20	44651820	44651822	cg06079428	0.0622	3495-Normal
chr20	44651820	44651822	cg06079428	0.0592	3502-Normal
chr20	44651820	44651822	cg06079428	0.0687	3506-Normal
chr20	44651820	44651822	cg06079428	0.076	3509-Normal
chr20	44651820	44651822	cg06079428	0.0598	3510-Normal
chr20	44651820	44651822	cg06079428	0.0563	3655-Normal
chr20	44651820	44651822	cg06079428	0.0538	3660-Normal
chr20	44651820	44651822	cg06079428	0.0504	3663-Normal
chr20	44651820	44651822	cg06079428	0.0476	3697-Normal
chr20	44651820	44651822	cg06079428	0.0596	3712-Normal
chr20	44651820	44651822	cg06079428	0.062	3713-Normal
chr20	44651820	44651822	cg06079428	0.0557	6598-Normal
chr20	44651820	44651822	cg06079428	0.0532	6599-Normal
chr20	44651820	44651822	cg06079428	0.0621	6600-Normal
chr20	44651820	44651822	cg06079428	0.0715	6601-Normal
chr20	44651820	44651822	cg06079428	0.0567	6295-Normal
chr20	44651820	44651822	cg06079428	0.0576	6297-Normal
chr20	44651820	44651822	cg06079428	0.0579	6298-Normal
chr20	44651820	44651822	cg06079428	0.0486	6302-Normal
chr20	44651820	44651822	cg06079428	0.0647	6311-Normal
chr20	44651820	44651822	cg06079428	0.0558	6314-Normal
chr20	44651820	44651822	cg06079428	0.0574	6320-Normal
chr20	44651820	44651822	cg06079428	0.066	6322-Normal
chr20	44651820	44651822	cg06079428	0.0572	6625-Normal
chr20	44652065	44652067	cg08283932	0.0436	2671-Tumour
chr20	44652065	44652067	cg08283932	0.0532	2675-Tumour
chr20	44652065	44652067	cg08283932	0.0454	2679-Tumour
chr20	44652065	44652067	cg08283932	0.0488	2680-Tumour
chr20	44652065	44652067	cg08283932	0.049	2681-Tumour
chr20	44652065	44652067	cg08283932	0.0558	2682-Tumour
chr20	44652065	44652067	cg08283932	0.0531	2684-Tumour
chr20	44652065	44652067	cg08283932	0.0482	2685-Tumour
chr20	44652065	44652067	cg08283932	0.0539	2686-Tumour
chr20	44652065	44652067	cg08283932	0.0538	4107-Tumour
chr20	44652065	44652067	cg08283932	0.0421	5667-Tumour
chr20	44652065	44652067	cg08283932	0.0462	3488-Tumour
chr20	44652065	44652067	cg08283932	0.0558	3492-Tumour
chr20	44652065	44652067	cg08283932	0.0384	3494-Tumour
chr20	44652065	44652067	cg08283932	0.047	3495-Tumour
chr20	44652065	44652067	cg08283932	0.0602	3502-Tumour
chr20	44652065	44652067	cg08283932	0.0575	3506-Tumour
chr20	44652065	44652067	cg08283932	0.0456	3509-Tumour
chr20	44652065	44652067	cg08283932	0.0593	3510-Tumour
chr20	44652065	44652067	cg08283932	0.059	3655-Tumour
chr20	44652065	44652067	cg08283932	0.0797	3660-Tumour
chr20	44652065	44652067	cg08283932	0.0399	3663-Tumour
chr20	44652065	44652067	cg08283932	0.0541	3697-Tumour
chr20	44652065	44652067	cg08283932	0.0394	3712-Tumour
chr20	44652065	44652067	cg08283932	0.0893	3713-Tumour
chr20	44652065	44652067	cg08283932	0.0504	6598-Tumour
chr20	44652065	44652067	cg08283932	0.0777	6599-Tumour
chr20	44652065	44652067	cg08283932	0.0572	6600-Tumour
chr20	44652065	44652067	cg08283932	0.0737	6601-Tumour
chr20	44652065	44652067	cg08283932	0.0455	6295-Tumour
chr20	44652065	44652067	cg08283932	0.053	6297-Tumour
chr20	44652065	44652067	cg08283932	0.0677	6298-Tumour
chr20	44652065	44652067	cg08283932	0.0608	6302-Tumour
chr20	44652065	44652067	cg08283932	0.0525	6311-Tumour
chr20	44652065	44652067	cg08283932	0.0471	6314-Tumour
chr20	44652065	44652067	cg08283932	0.0495	6320-Tumour
chr20	44652065	44652067	cg08283932	0.0478	6322-Tumour
chr20	44652065	44652067	cg08283932	0.0481	6625-Tumour
chr20	44652065	44652067	cg08283932	0.059	2671-Normal
chr20	44652065	44652067	cg08283932	0.0665	2675-Normal
chr20	44652065	44652067	cg08283932	0.0586	2679-Normal
chr20	44652065	44652067	cg08283932	0.0612	2680-Normal
chr20	44652065	44652067	cg08283932	0.056	2681-Normal
chr20	44652065	44652067	cg08283932	0.0573	2682-Normal
chr20	44652065	44652067	cg08283932	0.0523	2684-Normal
chr20	44652065	44652067	cg08283932	0.0532	2685-Normal
chr20	44652065	44652067	cg08283932	0.0568	2686-Normal
chr20	44652065	44652067	cg08283932	0.0578	4107-Normal
chr20	44652065	44652067	cg08283932	0.0569	5667-Normal
chr20	44652065	44652067	cg08283932	0.0457	3488-Normal
chr20	44652065	44652067	cg08283932	0.0524	3492-Normal
chr20	44652065	44652067	cg08283932	0.0573	3494-Normal
chr20	44652065	44652067	cg08283932	0.0463	3495-Normal
chr20	44652065	44652067	cg08283932	0.0674	3502-Normal
chr20	44652065	44652067	cg08283932	0.0477	3506-Normal
chr20	44652065	44652067	cg08283932	0.0702	3509-Normal
chr20	44652065	44652067	cg08283932	0.0603	3510-Normal
chr20	44652065	44652067	cg08283932	0.0504	3655-Normal
chr20	44652065	44652067	cg08283932	0.0614	3660-Normal
chr20	44652065	44652067	cg08283932	0.0624	3663-Normal
chr20	44652065	44652067	cg08283932	0.056	3697-Normal
chr20	44652065	44652067	cg08283932	0.0617	3712-Normal
chr20	44652065	44652067	cg08283932	0.0524	3713-Normal
chr20	44652065	44652067	cg08283932	0.0617	6598-Normal
chr20	44652065	44652067	cg08283932	0.0878	6599-Normal
chr20	44652065	44652067	cg08283932	0.0704	6600-Normal
chr20	44652065	44652067	cg08283932	0.0679	6601-Normal
chr20	44652065	44652067	cg08283932	0.0515	6295-Normal
chr20	44652065	44652067	cg08283932	0.0624	6297-Normal
chr20	44652065	44652067	cg08283932	0.0643	6298-Normal
chr20	44652065	44652067	cg08283932	0.0831	6302-Normal
chr20	44652065	44652067	cg08283932	0.064	6311-Normal
chr20	44652065	44652067	cg08283932	0.0498	6314-Normal
chr20	44652065	44652067	cg08283932	0.0629	6320-Normal
chr20	44652065	44652067	cg08283932	0.0586	6322-Normal
chr20	44652065	44652067	cg08283932	0.0671	6625-Normal
chr20	44652084	44652086	cg06049791	0.1252	2671-Tumour
chr20	44652084	44652086	cg06049791	0.1108	2675-Tumour
chr20	44652084	44652086	cg06049791	0.0957	2679-Tumour
chr20	44652084	44652086	cg06049791	0.0978	2680-Tumour
chr20	44652084	44652086	cg06049791	0.106	2681-Tumour
chr20	44652084	44652086	cg06049791	0.124	2682-Tumour
chr20	44652084	44652086	cg06049791	0.1082	2684-Tumour
chr20	44652084	44652086	cg06049791	0.0902	2685-Tumour
chr20	44652084	44652086	cg06049791	0.085	2686-Tumour
chr20	44652084	44652086	cg06049791	0.1069	4107-Tumour
chr20	44652084	44652086	cg06049791	0.1092	5667-Tumour
chr20	44652084	44652086	cg06049791	0.1221	3488-Tumour
chr20	44652084	44652086	cg06049791	0.0638	3492-Tumour
chr20	44652084	44652086	cg06049791	0.151	3494-Tumour
chr20	44652084	44652086	cg06049791	0.103	3495-Tumour
chr20	44652084	44652086	cg06049791	0.1595	3502-Tumour
chr20	44652084	44652086	cg06049791	0.1238	3506-Tumour
chr20	44652084	44652086	cg06049791	0.1229	3509-Tumour
chr20	44652084	44652086	cg06049791	0.0947	3510-Tumour
chr20	44652084	44652086	cg06049791	0.0918	3655-Tumour
chr20	44652084	44652086	cg06049791	0.1721	3660-Tumour
chr20	44652084	44652086	cg06049791	0.0848	3663-Tumour
chr20	44652084	44652086	cg06049791	0.1433	3697-Tumour
chr20	44652084	44652086	cg06049791	0.1146	3712-Tumour
chr20	44652084	44652086	cg06049791	0.1235	3713-Tumour
chr20	44652084	44652086	cg06049791	0.0994	6598-Tumour
chr20	44652084	44652086	cg06049791	0.1236	6599-Tumour
chr20	44652084	44652086	cg06049791	0.0892	6600-Tumour
chr20	44652084	44652086	cg06049791	0.0841	6601-Tumour
chr20	44652084	44652086	cg06049791	0.1155	6295-Tumour
chr20	44652084	44652086	cg06049791	0.1221	6297-Tumour
chr20	44652084	44652086	cg06049791	0.0919	6298-Tumour
chr20	44652084	44652086	cg06049791	0.0689	6302-Tumour
chr20	44652084	44652086	cg06049791	0.0919	6311-Tumour
chr20	44652084	44652086	cg06049791	0.083	6314-Tumour
chr20	44652084	44652086	cg06049791	0.0881	6320-Tumour
chr20	44652084	44652086	cg06049791	0.1147	6322-Tumour
chr20	44652084	44652086	cg06049791	0.1191	6625-Tumour
chr20	44652084	44652086	cg06049791	0.0966	2671-Normal
chr20	44652084	44652086	cg06049791	0.1021	2675-Normal
chr20	44652084	44652086	cg06049791	0.0947	2679-Normal
chr20	44652084	44652086	cg06049791	0.0979	2680-Normal
chr20	44652084	44652086	cg06049791	0.0954	2681-Normal
chr20	44652084	44652086	cg06049791	0.1017	2682-Normal
chr20	44652084	44652086	cg06049791	0.0918	2684-Normal
chr20	44652084	44652086	cg06049791	0.0929	2685-Normal
chr20	44652084	44652086	cg06049791	0.087	2686-Normal
chr20	44652084	44652086	cg06049791	0.1033	4107-Normal
chr20	44652084	44652086	cg06049791	0.0837	5667-Normal
chr20	44652084	44652086	cg06049791	0.105	3488-Normal
chr20	44652084	44652086	cg06049791	0.1234	3492-Normal
chr20	44652084	44652086	cg06049791	0.0971	3494-Normal
chr20	44652084	44652086	cg06049791	0.1135	3495-Normal
chr20	44652084	44652086	cg06049791	0.1148	3502-Normal
chr20	44652084	44652086	cg06049791	0.1047	3506-Normal
chr20	44652084	44652086	cg06049791	0.108	3509-Normal
chr20	44652084	44652086	cg06049791	0.1138	3510-Normal
chr20	44652084	44652086	cg06049791	0.0942	3655-Normal
chr20	44652084	44652086	cg06049791	0.0999	3660-Normal
chr20	44652084	44652086	cg06049791	0.0978	3663-Normal
chr20	44652084	44652086	cg06049791	0.0868	3697-Normal
chr20	44652084	44652086	cg06049791	0.0887	3712-Normal
chr20	44652084	44652086	cg06049791	0.0892	3713-Normal
chr20	44652084	44652086	cg06049791	0.1056	6598-Normal
chr20	44652084	44652086	cg06049791	0.1246	6599-Normal
chr20	44652084	44652086	cg06049791	0.0985	6600-Normal
chr20	44652084	44652086	cg06049791	0.1038	6601-Normal
chr20	44652084	44652086	cg06049791	0.1201	6295-Normal
chr20	44652084	44652086	cg06049791	0.0966	6297-Normal
chr20	44652084	44652086	cg06049791	0.104	6298-Normal
chr20	44652084	44652086	cg06049791	0.217	6302-Normal
chr20	44652084	44652086	cg06049791	0.0937	6311-Normal
chr20	44652084	44652086	cg06049791	0.1075	6314-Normal
chr20	44652084	44652086	cg06049791	0.0973	6320-Normal
chr20	44652084	44652086	cg06049791	0.0996	6322-Normal
chr20	44652084	44652086	cg06049791	0.0886	6625-Normal
chr20	44652315	44652317	cg18704595	0.0996	2671-Tumour
chr20	44652315	44652317	cg18704595	0.0971	2675-Tumour
chr20	44652315	44652317	cg18704595	0.1011	2679-Tumour
chr20	44652315	44652317	cg18704595	0.0886	2680-Tumour
chr20	44652315	44652317	cg18704595	0.1036	2681-Tumour
chr20	44652315	44652317	cg18704595	0.099	2682-Tumour
chr20	44652315	44652317	cg18704595	0.0974	2684-Tumour
chr20	44652315	44652317	cg18704595	0.0808	2685-Tumour
chr20	44652315	44652317	cg18704595	0.0736	2686-Tumour
chr20	44652315	44652317	cg18704595	0.1001	4107-Tumour
chr20	44652315	44652317	cg18704595	0.1313	5667-Tumour
chr20	44652315	44652317	cg18704595	0.132	3488-Tumour
chr20	44652315	44652317	cg18704595	0.0914	3492-Tumour
chr20	44652315	44652317	cg18704595	0.1516	3494-Tumour
chr20	44652315	44652317	cg18704595	0.0984	3495-Tumour
chr20	44652315	44652317	cg18704595	0.1412	3502-Tumour
chr20	44652315	44652317	cg18704595	0.0892	3506-Tumour
chr20	44652315	44652317	cg18704595	0.1076	3509-Tumour
chr20	44652315	44652317	cg18704595	0.0904	3510-Tumour
chr20	44652315	44652317	cg18704595	0.1069	3655-Tumour
chr20	44652315	44652317	cg18704595	0.1159	3660-Tumour
chr20	44652315	44652317	cg18704595	0.09	3663-Tumour
chr20	44652315	44652317	cg18704595	0.1063	3697-Tumour
chr20	44652315	44652317	cg18704595	0.0839	3712-Tumour
chr20	44652315	44652317	cg18704595	0.176	3713-Tumour
chr20	44652315	44652317	cg18704595	0.0828	6598-Tumour
chr20	44652315	44652317	cg18704595	0.151	6599-Tumour
chr20	44652315	44652317	cg18704595	0.0837	6600-Tumour
chr20	44652315	44652317	cg18704595	0.0886	6601-Tumour
chr20	44652315	44652317	cg18704595	0.1478	6295-Tumour
chr20	44652315	44652317	cg18704595	0.1246	6297-Tumour
chr20	44652315	44652317	cg18704595	0.1002	6298-Tumour
chr20	44652315	44652317	cg18704595	0.0991	6302-Tumour
chr20	44652315	44652317	cg18704595	0.0802	6311-Tumour
chr20	44652315	44652317	cg18704595	0.0917	6314-Tumour
chr20	44652315	44652317	cg18704595	0.0943	6320-Tumour
chr20	44652315	44652317	cg18704595	0.1286	6322-Tumour
chr20	44652315	44652317	cg18704595	0.0784	6625-Tumour
chr20	44652315	44652317	cg18704595	0.0944	2671-Normal
chr20	44652315	44652317	cg18704595	0.0408	2675-Normal
chr20	44652315	44652317	cg18704595	0.0962	2679-Normal
chr20	44652315	44652317	cg18704595	0.1199	2680-Normal
chr20	44652315	44652317	cg18704595	0.0782	2681-Normal
chr20	44652315	44652317	cg18704595	0.0931	2682-Normal
chr20	44652315	44652317	cg18704595	0.0869	2684-Normal
chr20	44652315	44652317	cg18704595	0.0935	2685-Normal
chr20	44652315	44652317	cg18704595	0.0887	2686-Normal
chr20	44652315	44652317	cg18704595	0.0906	4107-Normal
chr20	44652315	44652317	cg18704595	0.0923	5667-Normal
chr20	44652315	44652317	cg18704595	0.0838	3488-Normal
chr20	44652315	44652317	cg18704595	0.122	3492-Normal
chr20	44652315	44652317	cg18704595	0.0876	3494-Normal
chr20	44652315	44652317	cg18704595	0.078	3495-Normal
chr20	44652315	44652317	cg18704595	0.1095	3502-Normal
chr20	44652315	44652317	cg18704595	0.1021	3506-Normal
chr20	44652315	44652317	cg18704595	0.1176	3509-Normal
chr20	44652315	44652317	cg18704595	0.0978	3510-Normal
chr20	44652315	44652317	cg18704595	0.0955	3655-Normal
chr20	44652315	44652317	cg18704595	0.0717	3660-Normal
chr20	44652315	44652317	cg18704595	0.0995	3663-Normal
chr20	44652315	44652317	cg18704595	0.0713	3697-Normal
chr20	44652315	44652317	cg18704595	0.0932	3712-Normal
chr20	44652315	44652317	cg18704595	0.0649	3713-Normal
chr20	44652315	44652317	cg18704595	0.0707	6598-Normal
chr20	44652315	44652317	cg18704595	0.0919	6599-Normal
chr20	44652315	44652317	cg18704595	0.0849	6600-Normal
chr20	44652315	44652317	cg18704595	0.0911	6601-Normal
chr20	44652315	44652317	cg18704595	0.1057	6295-Normal
chr20	44652315	44652317	cg18704595	0.1089	6297-Normal
chr20	44652315	44652317	cg18704595	0.1003	6298-Normal
chr20	44652315	44652317	cg18704595	0.0696	6302-Normal
chr20	44652315	44652317	cg18704595	0.0961	6311-Normal
chr20	44652315	44652317	cg18704595	0.0923	6314-Normal
chr20	44652315	44652317	cg18704595	0.0747	6320-Normal
chr20	44652315	44652317	cg18704595	0.1066	6322-Normal
chr20	44652315	44652317	cg18704595	0.1105	6625-Normal
